{
  "overall": {
    "mae": 0.3444513827562332,
    "mse": 0.4484251042207082,
    "psnr": 20.143409729003906,
    "ssim": 0.6653645833333334
  },
  "per_modality": {
    "t1": {
      "mae": 0.2545207738876343,
      "mse": 0.19737517833709717,
      "psnr": 18.1012700398763,
      "ssim": 0.6814778645833334
    },
    "t1ce": {
      "mae": 0.30392871300379437,
      "mse": 0.46721820036570233,
      "psnr": 22.382822672526043,
      "ssim": 0.6923828125
    },
    "t2": {
      "mae": 0.46364013353983563,
      "mse": 0.7302873929341634,
      "psnr": 19.44909413655599,
      "ssim": 0.6569010416666666
    },
    "flair": {
      "mae": 0.35571591059366864,
      "mse": 0.39881964524586994,
      "psnr": 20.640452067057293,
      "ssim": 0.6306966145833334
    }
  },
  "num_infer_steps": 1000,
  "num_cases": 3,
  "num_modality_evals": 12,
  "num_batch_modality_units": 4
}